geo_loc_name,lat_lon
TRUE,TRUE
TRUE,TRUE
TRUE,TRUE
TRUE,TRUE
TRUE,TRUE
TRUE,TRUE
TRUE,TRUE
TRUE,TRUE
TRUE,TRUE
TRUE,TRUE
TRUE,TRUE
TRUE,TRUE
TRUE,TRUE
TRUE,TRUE
TRUE,TRUE
TRUE,TRUE
TRUE,TRUE
TRUE,TRUE
TRUE,TRUE
TRUE,TRUE
TRUE,TRUE
TRUE,TRUE
TRUE,TRUE
TRUE,TRUE
TRUE,TRUE
TRUE,TRUE
TRUE,TRUE
TRUE,TRUE
TRUE,TRUE
TRUE,TRUE
TRUE,TRUE
TRUE,TRUE
TRUE,TRUE
TRUE,TRUE
TRUE,TRUE
TRUE,TRUE
TRUE,TRUE
TRUE,TRUE
TRUE,TRUE
TRUE,TRUE
TRUE,TRUE
TRUE,TRUE
TRUE,TRUE
TRUE,TRUE
TRUE,TRUE
TRUE,TRUE
TRUE,TRUE
TRUE,TRUE
TRUE,TRUE
TRUE,TRUE
TRUE,TRUE
TRUE,TRUE
TRUE,TRUE
TRUE,TRUE
TRUE,TRUE
TRUE,TRUE
TRUE,TRUE
TRUE,TRUE
TRUE,TRUE
TRUE,TRUE
TRUE,TRUE
TRUE,TRUE
TRUE,TRUE
TRUE,TRUE
TRUE,TRUE
TRUE,TRUE
TRUE,TRUE
TRUE,TRUE
TRUE,TRUE
TRUE,TRUE
TRUE,TRUE
TRUE,TRUE
TRUE,TRUE
TRUE,TRUE
TRUE,TRUE
TRUE,TRUE
TRUE,TRUE
TRUE,TRUE
TRUE,TRUE
TRUE,TRUE
TRUE,TRUE
TRUE,TRUE
TRUE,TRUE
TRUE,TRUE
TRUE,TRUE
TRUE,TRUE
TRUE,TRUE
TRUE,TRUE
TRUE,TRUE
TRUE,TRUE
TRUE,TRUE
TRUE,TRUE
TRUE,TRUE
TRUE,TRUE
TRUE,TRUE
TRUE,TRUE
TRUE,TRUE
TRUE,TRUE
TRUE,TRUE
TRUE,TRUE
TRUE,TRUE
TRUE,TRUE
TRUE,TRUE
TRUE,TRUE
TRUE,TRUE
TRUE,TRUE
TRUE,TRUE
TRUE,TRUE
TRUE,TRUE
TRUE,TRUE
TRUE,TRUE
TRUE,TRUE
TRUE,TRUE
TRUE,TRUE
TRUE,TRUE
TRUE,TRUE
TRUE,TRUE
TRUE,TRUE
TRUE,TRUE
TRUE,TRUE
TRUE,TRUE
TRUE,TRUE
TRUE,TRUE
TRUE,TRUE
TRUE,TRUE
TRUE,TRUE
TRUE,TRUE
TRUE,TRUE
TRUE,TRUE
TRUE,TRUE
TRUE,TRUE
TRUE,TRUE
TRUE,TRUE
TRUE,TRUE
TRUE,TRUE
TRUE,TRUE
TRUE,TRUE
TRUE,TRUE
TRUE,TRUE
TRUE,TRUE
TRUE,TRUE
TRUE,TRUE
TRUE,TRUE
TRUE,TRUE
TRUE,TRUE
TRUE,TRUE
TRUE,TRUE
TRUE,TRUE
TRUE,TRUE
TRUE,TRUE
TRUE,TRUE
TRUE,TRUE
TRUE,TRUE
TRUE,TRUE
TRUE,TRUE
TRUE,TRUE
TRUE,TRUE
TRUE,TRUE
TRUE,TRUE
TRUE,TRUE
TRUE,TRUE
TRUE,TRUE
TRUE,TRUE
TRUE,TRUE
TRUE,TRUE
TRUE,TRUE
TRUE,TRUE
TRUE,TRUE
TRUE,TRUE
TRUE,TRUE
TRUE,TRUE
TRUE,TRUE
TRUE,TRUE
TRUE,TRUE
TRUE,TRUE
TRUE,TRUE
TRUE,TRUE
TRUE,TRUE
TRUE,TRUE
TRUE,TRUE
TRUE,TRUE
TRUE,TRUE
TRUE,TRUE
TRUE,TRUE
TRUE,TRUE
TRUE,TRUE
TRUE,TRUE
TRUE,TRUE
TRUE,TRUE
TRUE,TRUE
TRUE,TRUE
TRUE,TRUE
TRUE,TRUE
TRUE,TRUE
TRUE,TRUE
TRUE,TRUE
TRUE,TRUE
TRUE,TRUE
TRUE,TRUE
TRUE,TRUE
TRUE,TRUE
TRUE,TRUE
TRUE,TRUE
TRUE,TRUE
TRUE,TRUE
TRUE,TRUE
TRUE,TRUE
TRUE,TRUE
TRUE,TRUE
TRUE,TRUE
TRUE,TRUE
TRUE,TRUE
TRUE,TRUE
TRUE,TRUE
TRUE,TRUE
TRUE,TRUE
TRUE,TRUE
TRUE,TRUE
TRUE,TRUE
TRUE,TRUE
TRUE,TRUE
TRUE,TRUE
TRUE,TRUE
TRUE,TRUE
TRUE,TRUE
TRUE,TRUE
TRUE,TRUE
TRUE,TRUE
TRUE,TRUE
TRUE,TRUE
TRUE,TRUE
TRUE,TRUE
TRUE,TRUE
TRUE,TRUE
TRUE,TRUE
TRUE,TRUE
TRUE,TRUE
TRUE,TRUE
TRUE,TRUE
TRUE,TRUE
TRUE,TRUE
TRUE,TRUE
TRUE,TRUE
TRUE,TRUE
TRUE,TRUE
TRUE,TRUE
TRUE,TRUE
TRUE,TRUE
TRUE,TRUE
TRUE,TRUE
TRUE,TRUE
TRUE,TRUE
TRUE,TRUE
TRUE,TRUE
TRUE,TRUE
TRUE,TRUE
TRUE,TRUE
TRUE,TRUE
TRUE,TRUE
TRUE,TRUE
TRUE,TRUE
TRUE,TRUE
TRUE,TRUE
TRUE,TRUE
TRUE,TRUE
TRUE,TRUE
TRUE,TRUE
TRUE,TRUE
TRUE,TRUE
TRUE,TRUE
TRUE,TRUE
TRUE,TRUE
TRUE,TRUE
TRUE,TRUE
TRUE,TRUE
TRUE,TRUE
TRUE,TRUE
TRUE,TRUE
TRUE,TRUE
TRUE,TRUE
TRUE,TRUE
TRUE,TRUE
TRUE,TRUE
TRUE,TRUE
TRUE,TRUE
TRUE,TRUE
TRUE,TRUE
TRUE,TRUE
TRUE,TRUE
TRUE,TRUE
TRUE,TRUE
TRUE,TRUE
TRUE,TRUE
TRUE,TRUE
TRUE,TRUE
TRUE,TRUE
TRUE,TRUE
TRUE,TRUE
TRUE,TRUE
TRUE,TRUE
TRUE,TRUE
TRUE,TRUE
TRUE,TRUE
TRUE,TRUE
TRUE,TRUE
TRUE,TRUE
TRUE,TRUE
TRUE,TRUE
TRUE,TRUE
TRUE,TRUE
TRUE,TRUE
TRUE,TRUE
TRUE,TRUE
TRUE,TRUE
TRUE,TRUE
TRUE,TRUE
TRUE,TRUE
TRUE,TRUE
TRUE,TRUE
TRUE,TRUE
TRUE,TRUE
TRUE,TRUE
TRUE,TRUE
TRUE,TRUE
TRUE,TRUE
TRUE,TRUE
TRUE,TRUE
TRUE,TRUE
TRUE,TRUE
TRUE,TRUE
TRUE,TRUE
TRUE,TRUE
TRUE,TRUE
TRUE,TRUE
TRUE,TRUE
TRUE,TRUE
TRUE,TRUE
TRUE,TRUE
TRUE,TRUE
TRUE,TRUE
TRUE,TRUE
TRUE,TRUE
TRUE,TRUE
TRUE,TRUE
TRUE,TRUE
TRUE,TRUE
TRUE,TRUE
TRUE,TRUE
TRUE,TRUE
TRUE,TRUE
TRUE,TRUE
TRUE,TRUE
TRUE,TRUE
TRUE,TRUE
TRUE,TRUE
TRUE,TRUE
TRUE,TRUE
TRUE,TRUE
TRUE,TRUE
TRUE,TRUE
TRUE,TRUE
TRUE,TRUE
TRUE,TRUE
TRUE,TRUE
TRUE,TRUE
TRUE,TRUE
TRUE,TRUE
TRUE,TRUE
TRUE,TRUE
TRUE,TRUE
TRUE,TRUE
TRUE,TRUE
TRUE,TRUE
TRUE,TRUE
TRUE,TRUE
TRUE,TRUE
TRUE,TRUE
TRUE,TRUE
TRUE,TRUE
TRUE,TRUE
TRUE,TRUE
TRUE,TRUE
TRUE,TRUE
TRUE,TRUE
TRUE,TRUE
TRUE,TRUE
TRUE,TRUE
TRUE,TRUE
TRUE,TRUE
TRUE,TRUE
TRUE,TRUE
TRUE,TRUE
TRUE,TRUE
TRUE,TRUE
TRUE,TRUE
TRUE,TRUE
TRUE,TRUE
TRUE,TRUE
TRUE,TRUE
TRUE,TRUE
TRUE,TRUE
TRUE,TRUE
TRUE,TRUE
TRUE,TRUE
TRUE,TRUE
TRUE,TRUE
TRUE,TRUE
TRUE,TRUE
TRUE,TRUE
TRUE,TRUE
TRUE,TRUE
TRUE,TRUE
TRUE,TRUE
TRUE,TRUE
TRUE,TRUE
TRUE,TRUE
TRUE,TRUE
TRUE,TRUE
TRUE,TRUE
TRUE,TRUE
TRUE,TRUE
TRUE,TRUE
TRUE,TRUE
TRUE,TRUE
TRUE,TRUE
TRUE,TRUE
TRUE,TRUE
TRUE,TRUE
TRUE,TRUE
TRUE,TRUE
TRUE,TRUE
TRUE,TRUE
TRUE,TRUE
TRUE,TRUE
TRUE,TRUE
TRUE,TRUE
TRUE,TRUE
TRUE,TRUE
TRUE,TRUE
TRUE,TRUE
TRUE,TRUE
TRUE,TRUE
TRUE,TRUE
TRUE,TRUE
TRUE,TRUE
TRUE,TRUE
TRUE,TRUE
TRUE,TRUE
TRUE,TRUE
TRUE,TRUE
TRUE,TRUE
TRUE,TRUE
TRUE,TRUE
TRUE,TRUE
TRUE,TRUE
TRUE,TRUE
TRUE,TRUE
TRUE,TRUE
TRUE,TRUE
TRUE,TRUE
TRUE,TRUE
TRUE,TRUE
TRUE,TRUE
TRUE,TRUE
TRUE,TRUE
TRUE,TRUE
TRUE,TRUE
TRUE,TRUE
TRUE,TRUE
TRUE,TRUE
TRUE,TRUE
TRUE,TRUE
TRUE,TRUE
TRUE,TRUE
TRUE,TRUE
TRUE,TRUE
TRUE,TRUE
TRUE,TRUE
TRUE,TRUE
TRUE,TRUE
TRUE,TRUE
TRUE,TRUE
TRUE,TRUE
TRUE,TRUE
TRUE,TRUE
FALSE,TRUE
FALSE,TRUE
FALSE,TRUE
FALSE,TRUE
FALSE,TRUE
FALSE,TRUE
FALSE,TRUE
FALSE,TRUE
FALSE,TRUE
FALSE,TRUE
FALSE,TRUE
FALSE,TRUE
FALSE,TRUE
FALSE,TRUE
FALSE,TRUE
FALSE,TRUE
FALSE,TRUE
FALSE,TRUE
FALSE,TRUE
FALSE,TRUE
FALSE,TRUE
FALSE,TRUE
FALSE,TRUE
FALSE,TRUE
FALSE,TRUE
FALSE,TRUE
FALSE,TRUE
FALSE,TRUE
FALSE,TRUE
FALSE,TRUE
FALSE,TRUE
FALSE,TRUE
FALSE,TRUE
FALSE,TRUE
FALSE,TRUE
FALSE,TRUE
FALSE,TRUE
FALSE,TRUE
FALSE,TRUE
FALSE,TRUE
FALSE,TRUE
FALSE,TRUE
FALSE,TRUE
FALSE,TRUE
FALSE,TRUE
FALSE,TRUE
FALSE,TRUE
FALSE,TRUE
FALSE,TRUE
FALSE,TRUE
FALSE,TRUE
FALSE,TRUE
FALSE,TRUE
FALSE,TRUE
FALSE,TRUE
FALSE,TRUE
FALSE,TRUE
FALSE,TRUE
FALSE,TRUE
FALSE,TRUE
FALSE,TRUE
FALSE,TRUE
FALSE,TRUE
FALSE,TRUE
FALSE,TRUE
FALSE,TRUE
FALSE,TRUE
FALSE,TRUE
FALSE,TRUE
FALSE,TRUE
FALSE,TRUE
FALSE,TRUE
FALSE,TRUE
FALSE,TRUE
FALSE,TRUE
FALSE,TRUE
FALSE,TRUE
FALSE,TRUE
FALSE,TRUE
FALSE,TRUE
FALSE,TRUE
FALSE,TRUE
FALSE,TRUE
FALSE,TRUE
FALSE,TRUE
FALSE,TRUE
FALSE,TRUE
FALSE,TRUE
FALSE,TRUE
FALSE,TRUE
FALSE,TRUE
FALSE,TRUE
FALSE,TRUE
FALSE,TRUE
FALSE,TRUE
FALSE,TRUE
FALSE,TRUE
FALSE,TRUE
FALSE,TRUE
FALSE,TRUE
FALSE,TRUE
FALSE,TRUE
FALSE,TRUE
FALSE,TRUE
FALSE,TRUE
FALSE,TRUE
FALSE,TRUE
FALSE,TRUE
FALSE,TRUE
FALSE,TRUE
FALSE,TRUE
FALSE,TRUE
FALSE,TRUE
FALSE,TRUE
FALSE,TRUE
FALSE,TRUE
FALSE,TRUE
FALSE,TRUE
FALSE,TRUE
FALSE,TRUE
FALSE,TRUE
FALSE,TRUE
FALSE,TRUE
FALSE,TRUE
FALSE,TRUE
FALSE,TRUE
FALSE,TRUE
FALSE,TRUE
FALSE,TRUE
FALSE,TRUE
FALSE,TRUE
FALSE,TRUE
FALSE,TRUE
FALSE,TRUE
FALSE,TRUE
FALSE,TRUE
FALSE,TRUE
FALSE,TRUE
FALSE,TRUE
FALSE,TRUE
FALSE,TRUE
FALSE,TRUE
FALSE,TRUE
FALSE,TRUE
FALSE,TRUE
FALSE,TRUE
FALSE,TRUE
FALSE,TRUE
FALSE,TRUE
FALSE,TRUE
FALSE,TRUE
FALSE,TRUE
FALSE,TRUE
FALSE,TRUE
FALSE,TRUE
FALSE,TRUE
FALSE,TRUE
FALSE,TRUE
FALSE,TRUE
FALSE,TRUE
FALSE,TRUE
FALSE,TRUE
FALSE,TRUE
FALSE,TRUE
FALSE,TRUE
FALSE,TRUE
FALSE,TRUE
FALSE,TRUE
FALSE,TRUE
FALSE,TRUE
FALSE,TRUE
FALSE,TRUE
FALSE,TRUE
FALSE,TRUE
FALSE,TRUE
FALSE,TRUE
FALSE,TRUE
FALSE,TRUE
FALSE,TRUE
FALSE,TRUE
FALSE,TRUE
FALSE,TRUE
FALSE,TRUE
FALSE,TRUE
FALSE,TRUE
FALSE,TRUE
FALSE,TRUE
FALSE,TRUE
FALSE,TRUE
FALSE,TRUE
FALSE,TRUE
FALSE,TRUE
FALSE,TRUE
FALSE,TRUE
FALSE,TRUE
FALSE,TRUE
FALSE,TRUE
FALSE,TRUE
FALSE,TRUE
FALSE,TRUE
FALSE,TRUE
FALSE,TRUE
FALSE,TRUE
FALSE,TRUE
FALSE,TRUE
FALSE,TRUE
FALSE,TRUE
FALSE,TRUE
FALSE,TRUE
FALSE,TRUE
FALSE,TRUE
FALSE,TRUE
FALSE,TRUE
FALSE,TRUE
FALSE,TRUE
FALSE,TRUE
FALSE,TRUE
FALSE,TRUE
FALSE,TRUE
FALSE,TRUE
FALSE,TRUE
FALSE,TRUE
FALSE,TRUE
FALSE,TRUE
FALSE,TRUE
FALSE,TRUE
FALSE,TRUE
FALSE,TRUE
FALSE,TRUE
FALSE,TRUE
FALSE,TRUE
FALSE,TRUE
FALSE,TRUE
FALSE,TRUE
FALSE,TRUE
FALSE,TRUE
FALSE,TRUE
FALSE,TRUE
FALSE,TRUE
FALSE,TRUE
FALSE,TRUE
FALSE,TRUE
FALSE,TRUE
FALSE,TRUE
FALSE,TRUE
FALSE,TRUE
FALSE,TRUE
FALSE,TRUE
FALSE,TRUE
FALSE,TRUE
FALSE,TRUE
FALSE,TRUE
FALSE,TRUE
FALSE,TRUE
FALSE,TRUE
FALSE,TRUE
FALSE,TRUE
FALSE,TRUE
FALSE,TRUE
FALSE,TRUE
FALSE,TRUE
FALSE,TRUE
FALSE,TRUE
FALSE,TRUE
FALSE,TRUE
FALSE,TRUE
FALSE,TRUE
FALSE,TRUE
FALSE,TRUE
FALSE,TRUE
FALSE,TRUE
FALSE,TRUE
FALSE,TRUE
FALSE,TRUE
FALSE,TRUE
FALSE,TRUE
FALSE,TRUE
FALSE,TRUE
FALSE,TRUE
FALSE,TRUE
FALSE,TRUE
FALSE,TRUE
FALSE,TRUE
FALSE,TRUE
FALSE,TRUE
FALSE,TRUE
FALSE,TRUE
FALSE,TRUE
FALSE,TRUE
FALSE,TRUE
FALSE,TRUE
FALSE,TRUE
FALSE,TRUE
FALSE,TRUE
FALSE,TRUE
FALSE,TRUE
FALSE,TRUE
FALSE,TRUE
FALSE,TRUE
FALSE,TRUE
FALSE,TRUE
FALSE,TRUE
FALSE,TRUE
FALSE,TRUE
FALSE,TRUE
FALSE,TRUE
FALSE,TRUE
FALSE,TRUE
FALSE,TRUE
FALSE,TRUE
FALSE,TRUE
FALSE,TRUE
FALSE,TRUE
FALSE,TRUE
FALSE,TRUE
FALSE,TRUE
FALSE,TRUE
FALSE,TRUE
FALSE,TRUE
FALSE,TRUE
FALSE,TRUE
FALSE,TRUE
FALSE,TRUE
FALSE,TRUE
FALSE,TRUE
FALSE,TRUE
FALSE,TRUE
FALSE,TRUE
FALSE,TRUE
FALSE,TRUE
FALSE,TRUE
FALSE,TRUE
FALSE,TRUE
FALSE,TRUE
FALSE,TRUE
FALSE,TRUE
FALSE,TRUE
FALSE,TRUE
FALSE,TRUE
FALSE,TRUE
FALSE,TRUE
FALSE,TRUE
FALSE,TRUE
FALSE,TRUE
FALSE,TRUE
FALSE,TRUE
FALSE,TRUE
FALSE,TRUE
FALSE,TRUE
FALSE,TRUE
FALSE,TRUE
FALSE,TRUE
FALSE,TRUE
FALSE,TRUE
FALSE,TRUE
FALSE,TRUE
FALSE,TRUE
FALSE,TRUE
FALSE,TRUE
FALSE,TRUE
FALSE,TRUE
FALSE,TRUE
FALSE,TRUE
FALSE,TRUE
FALSE,TRUE
FALSE,TRUE
FALSE,TRUE
FALSE,TRUE
FALSE,TRUE
FALSE,TRUE
FALSE,TRUE
FALSE,TRUE
FALSE,TRUE
FALSE,TRUE
FALSE,TRUE
FALSE,TRUE
FALSE,TRUE
FALSE,TRUE
FALSE,TRUE
FALSE,TRUE
FALSE,TRUE
FALSE,TRUE
FALSE,TRUE
FALSE,TRUE
FALSE,TRUE
FALSE,TRUE
FALSE,TRUE
FALSE,TRUE
FALSE,TRUE
FALSE,TRUE
FALSE,TRUE
FALSE,TRUE
FALSE,TRUE
FALSE,TRUE
FALSE,TRUE
FALSE,TRUE
FALSE,TRUE
TRUE,FALSE
TRUE,FALSE
TRUE,FALSE
TRUE,FALSE
TRUE,FALSE
TRUE,FALSE
TRUE,FALSE
TRUE,FALSE
TRUE,FALSE
TRUE,FALSE
TRUE,FALSE
TRUE,FALSE
TRUE,FALSE
TRUE,FALSE
TRUE,FALSE
